x1,x2,x3,y
-1.0,0.24692371245946765,0.30914828684689244,-4.799358272760334
-0.41240441206207046,0.8478736874793937,0.47065299548684436,1.8806984746950595
0.01862928167469935,0.0034959521050843545,0.03354905922914475,0.8115105288529672
-0.16236078538306797,0.7156104116804547,-0.33198653752623164,0.44524026711767395
-0.12349322187198086,-0.14542123809270358,-0.6638278618467828,0.5802872076487124
0.2348742254888021,-0.9744016473740724,1.0,-6.492784177854041
1.0,-0.18090642369247734,0.11497500621972767,4.560714967966449
-0.4229928167777317,0.1642262607544278,0.5840248964890793,-0.5192660985287411
-1.0,-0.2912268612367699,-1.0,7.311633809503974
-0.559208047898704,-0.22916182088278103,-0.5944675128675989,0.06816061849979266
0.21413144021016395,0.05298510628466335,-0.02559000854956084,1.327423156736308
-1.0,1.0,0.8975743235866283,7.780133662664822
-0.0060294395087581165,-0.12037938830433448,-1.0,-3.8834136215308606
-0.7583867829418915,-0.6269608483819116,-0.4840460291783817,2.2351350948781747
-0.16912483286056657,-0.33228934100753404,-1.0,-3.216428350936105
-1.0,-0.2725996119573375,-0.7728713215806515,1.2232532250071098
1.0,-1.0,-0.481324208321285,-10.910705060447153
1.0,-0.15708154731031354,0.03077236503783487,5.207047301704014
-0.5279676851318529,0.4067262071611004,1.0,2.886364530246795
-0.7915476287451386,-0.7287296536210719,1.0,5.334580230168557
1.0,-0.008996033925457114,1.0,12.199560785946396
1.0,-0.13814522869330692,-0.0033853633474996148,5.601110683055891
0.5785358721485505,-1.0,0.1949080637267433,-0.6451890957336116
0.26167729069225776,1.0,0.9786969318235157,9.28415475693366
-1.0,-0.02138855523606642,0.6899798527642691,-2.7540726063763734
0.015554399411277009,-0.31534618298952966,0.6886971669151927,0.86505947381767
0.2986359296131278,0.13986450122476346,-0.9003796488016431,-0.15954816974613673
-0.15506383995441997,-0.6362678353208786,1.0,-0.850449001880405
0.06044187144589275,0.047727328870634356,-0.4052601392925399,0.738806819389556
0.30059063351734294,-0.1545687882325104,-0.9097879213903168,-0.6733400505982923
-0.6484930209408797,0.8051161782790786,-0.663399482228406,-0.7456423776351202
0.6953961091537897,0.07024756766369,-0.5014088829760424,1.2815992269160297
-0.7823612969696572,-1.0,0.5477236931807983,7.726741357106764
0.13100114441265065,-1.0,-0.7861140517809295,-7.012011947178755
0.8331026572120606,-0.7402128410621922,1.0,-2.6759980682481386
1.0,0.8362746254849323,-1.0,21.235190150497747
-0.1858809912564936,-0.3182875799734566,1.0,-0.3615237758594382
0.8173120348609217,-0.5038083180259365,-0.38937349114496067,1.794013720297266
0.08215985174022511,-1.0,-0.3532910958444577,1.193825251923701
-1.0,0.5446490002305169,-0.6264418775451417,2.942760354908704
0.007417236513330927,-0.1012346382729794,-0.010362218278303192,1.0897711943665351
0.5951999659554803,-0.43317741396672815,-1.0,-4.996944173962602
-1.0,-1.0,1.0,22.648534044488194
0.2544333845677327,0.07802775207122625,0.9687316002573347,-0.07690006155639148
-0.993877872037727,-0.6717569133136703,1.0,13.075702478107864
-1.0,-1.0,0.10600186530920563,8.921521581080434
1.0,0.27324059909046716,0.9341690730291401,15.025613548706772
-0.3170500497750206,-0.36614914508023344,1.0,0.8256776697718845
0.4861145015961241,-1.0,1.0,-6.822860008053298
-0.23032917135984676,0.5757954179877622,-0.4419508388949638,-0.5940692631907554
-0.41888590608997034,-0.4995925052202663,-0.22202113764951048,1.162436146538125
1.0,0.24191465092567888,-0.9872966353087829,10.144923277094959
-1.0,1.0,0.38729597757090173,3.02358586329724
-0.29886401865757106,-0.684950588418338,-1.0,-5.827390322294506
-0.10962395099417233,-0.4866415174086982,-0.09325178090257658,0.714654087324363
-0.32400651162579863,-1.0,-0.047926957331470454,2.970295054756357
-1.0,-0.28786696990393557,0.3048452371383894,-2.956197562279578
0.26213870679788465,-1.0,-0.5267185605593512,-1.1009805869900102
0.9863242584129521,0.1350900253022076,-1.0,8.786926478397566
0.2746822779475051,-0.5073733695074871,-0.2645065475603332,1.130766111335965
-1.0,-0.26600995898777535,-0.39401603027537213,-2.467150513727974
1.0,-1.0,0.24587030455350267,-7.631112375543939
0.5750835250846464,-0.418477310720653,-0.6891487051865945,0.048258407848036255
0.966290655548607,0.3765256951442597,0.7224407992693478,10.382484795146325
-0.13523921181854925,0.595839649318344,-0.19757417081687878,-0.4613533639939342
-1.0,0.8241935043894872,0.9861392551644343,10.23023009917933
-0.3023971174855553,-0.20456081862612763,-0.8533414929751264,-0.32064778601782473
0.5825415533303224,-0.6657507650323191,-0.006865074684013983,1.114505274230311
0.1779004281637664,0.2115480309766311,-1.0,-3.663522577059074
1.0,-0.1650547760100467,-0.2944103652292154,4.563080909414336
-0.0919986351962101,-1.0,0.8408278247813319,-2.138188823148701
-1.0,0.5212878128204277,-0.8347717268236652,8.901620409814955
-0.030766788149201307,1.0,-0.8606189496291008,7.513779201225574
-1.0,0.2645967813556964,-0.5192945580307642,-1.2391591337660581
1.0,0.17891421295360632,-0.8108095753185576,7.2152090974182075
-0.34575416447618523,-1.0,0.7007284754143899,0.6719656603031172
-0.16128933319613736,0.8507556104243705,-0.8482426028961836,0.11117319768711503
0.31904806900478966,0.7570008277259939,-0.7016421997779898,1.9504002710140047
-1.0,0.6905128144442092,-0.06854388457889082,-0.8007664541702253
-0.004528246599168062,0.7616552688369083,-1.0,-3.959328765335198
-0.7734212560232037,-0.19759151165835998,1.0,2.713115614427945
-1.0,-0.2457906814370001,0.6112784959508839,-1.0078690370346834
0.48219706448800337,0.7854017247864027,1.0,6.955261400200665
-0.022204217006818405,-1.0,-1.0,-16.79421535894768
0.7828743918483319,-1.0,0.14656056624695846,-2.982990869269048
1.0,-0.06789346265299034,0.10494625491939158,4.770843142517382
-0.8853682019577667,-0.9400936419674064,-0.39827224592777477,4.900686691960458
0.7697275904854564,-1.0,-0.9447374654114538,-21.53367859170017
-0.4291521851894755,0.3772970112022982,-0.8058742036551862,-1.8022140398712396
0.5273623849480602,0.34898988082580096,-0.6692713799291148,1.8413591825690125
-0.07249935131688412,-1.0,-0.5090818196383493,0.532566900945582
-0.2757910494384226,-1.0,0.27992933657133245,1.6416757975613092
0.7255749977141421,-0.8539844775798686,-0.3381792807163453,0.14781928643500125
-0.7941231499192765,0.19638749723112103,-0.15359492039475886,-1.7103711235709915
0.2695486188384786,-0.5203121203607657,-1.0,-6.505047207536875
-0.10819055394568222,-1.0,0.8703434568363808,-4.264302442934248
0.8792411058095726,0.40475359556961044,0.032351894131045444,3.6332826522722224
-0.4609557431300233,-0.3738826617048985,-0.45247085732408765,1.32647895791213
-0.2983118175351236,0.7294538155216079,-1.0,-4.149655394256205
0.870219440316313,1.0,0.8057382817877417,12.714527899031605
-0.10954752297192694,-0.5003603638816141,1.0,-1.9321040741427367
-1.0,-1.0,-0.7157913600560066,4.093857357865418
-0.08664353591156204,0.6670657613686342,-0.6784204341368893,0.6580842621219735
0.3129883401654159,-0.36825970796992746,-0.1927436758791179,1.459156195510173
1.0,0.6803672971160186,0.2554431441742755,8.982375311184537
-0.7505285632324692,0.28958315365119236,1.0,2.8826361993803777
1.0,-0.3542412273062836,0.17271428282864676,4.310102108917399
-0.1774243110731173,-1.0,0.6154908806791197,0.8353535744835147
-0.11408226313702596,-0.9865849859149547,0.5511732645666496,1.580964445604436
1.0,-0.4202739921863483,-0.17309096006291536,3.4944010344124448
-0.6721637192407228,1.0,-0.17633855743579763,4.923157706605984
-0.3606627403349574,-0.8898653914143093,0.4674075866839831,2.3375236870900933
-0.9126894515149782,0.09699016039825037,-1.0,9.107675654493937
-0.46370334043387973,-0.6584848144748179,-0.3877872663580224,1.889517320426101
0.2535824141562484,-0.39174918475285514,-0.2223233565088909,1.0779261318087312
0.20894579428399696,0.5916922954014354,0.18182233978446516,0.3149209311415
-1.0,0.4504621701810132,-1.0,17.721381049300504
0.0495870359856454,0.5920377505356678,-1.0,-4.092347713227047
1.0,-0.8409833501124342,-0.6311606255396998,0.03430242583958487
-0.1867454737231855,1.0,-0.3657562786508477,8.48528538791956
0.4909174536741523,-0.02410260699050748,0.5217745250325645,1.7711355024564588
-0.6319683120002118,0.23441786519956787,0.9166419727142003,0.9982878512901947
0.22420496487577068,-0.13904709833991413,1.0,-1.794566187961232
-0.29343976325848065,-1.0,-0.6430058867537869,-2.1465755894260847
0.22948757153027555,-0.19770783352515076,-1.0,-4.234359280842652
-0.9187457040694642,-1.0,-0.06299924613877894,7.031583572734086
-0.4930764754675838,0.6186679380933287,-0.17037044231484244,-0.6721397457028503
-0.09285752313621165,1.0,1.0,12.867888728432897
-1.0,1.0,0.08059306081194562,6.975770957664354
0.21417493221647588,0.7052469156843784,0.5640420895678449,2.368727908344883
-0.23465194402034562,0.9353199993043344,0.8493607538793808,8.634158029735506
1.0,0.022320497248130122,1.0,12.944063736205665
-0.6818050038284045,0.093088909150435,0.8583586944866339,0.21566455176279933
-0.008567385656859772,0.3545528635534061,0.5030140255195494,-0.14976631089231918
-0.0021354306133705148,0.464287447882648,-0.7806856956716319,-0.555143331432454
-0.5063850560236753,-0.3628111714354012,-1.0,-2.2739059443803606
-0.9013022830432358,0.07346716344931514,0.13072876459341565,-2.8520570691834175
0.3146364248673892,0.3067485709221769,0.12005629248676253,0.8651479726558232
0.2908267626587715,1.0,-1.0,5.6702107432800615
-0.29149608958592754,-0.13922235084587564,-0.3136829388574094,0.31145702462059366
-0.6875951346950568,-0.26380644575276335,0.6733507350445,0.6140144830059384
0.6161375913463418,-1.0,-0.2952727719149604,-2.231178615294038
-0.7159711196972314,-1.0,0.6562792286821217,5.630717984914269
-1.0,-0.2905049612484327,1.0,4.829819808084336
-0.3148331707483092,0.059673223907278805,0.8041163589459956,-0.5228261638391735
0.5962868211836936,1.0,0.2941005582981735,7.245704648928618
1.0,-0.41580524295448273,1.0,5.345981052758855
-0.6099768087969524,-1.0,0.6903171324751418,2.9979624189940526
0.6915546455523303,0.20692169734781585,0.8275136819694047,3.2709381295349975
-0.39126355973287175,-0.08648070918980544,1.0,0.5827757099021167
0.518063261098876,-0.47323157330411547,0.21504555079242227,0.7792456127746303
-0.09345105188295943,-0.19637697231070828,-1.0,-2.621382497357886
0.7348389276962133,1.0,0.32082500862661023,7.866150957827423
0.6820693919168059,-0.6017789909698203,-0.4177607003064363,0.5687336940524881
0.2684579646167138,-0.09833565913595876,-0.9741985581879027,-2.750988635102286
-0.0910484165497476,0.4842080546869265,0.5015926224018072,-0.4660265007027804
-0.2501618534485486,0.40679510371238314,-0.6061470711971904,-0.4444061600171229
0.10080281660825441,0.6239837860065294,1.0,4.576285353115617
0.6779456640890555,-0.37546064016799385,0.20508446787110035,1.932823482526703
0.7855090052582794,0.3866037043909176,-1.0,1.5340502550454003
-1.0,0.4013952335079858,-0.885958038283146,9.374775161584399
0.7371244806728323,0.09213598399975997,-0.26175089885117986,1.4023405306538759
-1.0,1.0,0.6935212294956783,0.7868386092387589
-0.17071803449147782,-0.4466243222142059,-1.0,-4.883234132468506
0.7528968244545837,-0.28731228813251897,-0.1478631896033915,2.152604675068959
1.0,0.6741206076770325,-0.7922263964236116,9.553286213658312
-0.2861670897980684,-0.25740406429977614,-0.6670428730219244,0.3342034993128892
0.45989633995963763,0.6044563718283973,0.8193079823319824,2.6643444956627294
0.31540146708222805,0.09703706089774689,0.5745166952950782,-0.04802958141899083
-0.11299377927969467,0.03387749834104792,-0.11519688028497055,0.9110121452772157
0.21349280714881114,0.42466093468680977,-1.0,-3.1964670900810135
1.0,0.28042561372331387,-1.0,10.776410105880874
-0.13591568634718,0.23423750787238062,1.0,1.0752247549974816
-0.21501478094163784,1.0,1.0,14.457269517036094
-1.0,1.0,-0.20835442252245806,9.567511099278779
-1.0,0.9705835844541906,0.43180551034796544,1.1069528026780917
-1.0,0.2548616115078659,0.6545148881274636,-4.078803308566492
-1.0,-0.2542988998489226,1.0,5.046004140832968
1.0,-0.07056988605990444,1.0,11.446950703552776
0.988617005265161,1.0,-1.0,36.974888527226284
0.3891205472583976,0.07885082963509271,0.8641050192903654,0.14759004291360134
1.0,0.5900636233941967,0.8905844412983279,18.67828463756271
1.0,-0.7634905505109018,-0.637227258141333,2.4581373581799935
-0.197430571219531,0.8633449942917943,-0.10075580797844608,2.4554838399357224
0.8409765433804295,0.7807120040262023,-0.06775239640299402,2.681242778392718
-0.3772973772342778,0.2916952645872175,-1.0,-2.47981194141081
1.0,0.3309323249624425,0.299128102493601,7.2608721353348855
-0.8219253378766884,-0.5168802906915599,1.0,4.84450606895053
-1.0,0.1793945628892457,-0.6122880786645593,-0.44170982980810963
0.38158954926587696,-1.0,-0.688501749271287,-5.906681544627103
1.0,-1.0,0.023529785287595528,-8.504068471698366
0.4274875991461937,-1.0,0.3185915091287741,0.5149603815023178
0.5672239626482265,-1.0,0.22603095597776623,0.042555239176463755
-1.0,0.15400464667678526,0.17070783274949797,-4.827497649447908
-0.9260668460472137,0.841597438717923,0.36024060352399134,-1.808592067522828
-0.1302671023201991,0.20537937737500744,-0.8413252984835293,-0.25300776446142537
-0.5938684251152246,-0.34902414457474973,-1.0,0.11380502491626698
0.5303988448372923,-0.5583830747936784,-0.7398539707727747,0.10080117038793088
0.45250121776320595,0.41404617473360217,0.7438658662312496,1.4535228410756178
-0.9044126794794503,-0.02574865528670167,0.34470595879764465,-3.140807182696774
0.04809049000769883,0.2818167977169095,0.6972063805362061,0.43554484826327466
1.0,0.8190711836233533,0.37400556947843167,10.62360663769898
-0.9068994201586451,-1.0,1.0,13.718068726105257
-1.0,-0.8640751666121371,1.0,18.9012263013691
-1.0,0.17054358657055224,0.22138124222321554,-4.564902214907543
0.061127824932065034,-0.22056694606824667,-0.975604891395444,-2.8773760851232586
-0.21562717140892795,0.1037319648761379,-1.0,-3.7618788017781557
1.0,-0.5971773369140179,-1.0,0.24082415667868762
1.0,-1.0,-1.0,-29.237972568453962
-0.09633474140861131,0.48219164063024667,0.487123992087231,0.21469665827617584
1.0,-1.0,-1.0,-29.050578971335174
0.21404560621402324,1.0,-1.0,4.936379218770775
0.5455643143795499,0.3259998045086747,1.0,1.808420146157428
-1.0,0.08053543285854858,0.89441773500248,0.21603996243327725
0.38622961524031063,0.9142326646866594,0.632925379169097,5.6924152715691285
-0.41699193899668696,0.8653678205923248,-0.24758495023637073,2.270987086773721
0.6948069033297621,-0.4129658733600725,-0.7836529372726504,0.12204427136450535
-1.0,-0.6575295691363683,1.0,12.16415866455122
0.6749969199044603,0.41190419638056697,-1.0,-0.8487196969076668
0.1268691816251044,-0.12684201992412847,-0.8994337669234902,-0.9172936247145206
1.0,-1.0,0.09764283493178882,-7.219270108706459
0.6430800112184396,0.019723286738491996,1.0,0.29018528029823965
-0.09519618687173237,1.0,-1.0,3.3080341831985693
1.0,-0.23346615349604738,1.0,8.146241726111906
-0.6501036295052383,0.7068725648452112,-0.14307301184628396,-1.665173067411306
-0.6050300385239327,-0.31745097723318594,0.6468938676347409,0.3455628614651553
-0.5320223853843193,0.9147793255223577,-0.22140710765470395,1.7418032742001586
-0.6537900486661459,0.2751108004959617,0.021861677881298114,-2.5148405437261405
-0.2740403676503411,-0.05666883050841576,0.30095017292296156,0.3041779722695276
0.7622567325990317,-0.664187687993989,0.7902118573092987,0.9239410836663559
0.3684848100341833,-0.6451754343616203,0.05944611511381703,1.6755651192799517
0.32787047956994675,-1.0,0.1396449348908857,0.42151135444809573
-0.9536571081772247,0.2414455413792036,0.44801111162598795,-4.398950239969415
-1.0,0.22885433239787156,0.8445014038827081,-1.0404932537445264
-0.3353934650491488,-0.13226016824814546,-1.0,-1.6997563393823283
-0.12363444538124879,-0.2527612221288016,0.9285762960973794,-1.098351033798337
0.6363054872806893,-0.4717539235753385,-0.32461406546289195,1.3675832847627858
0.12174313925222524,-1.0,-1.0,-17.64778207189171
0.10904647879258245,-0.952584750759013,0.010187769552114201,2.176116308242953
-1.0,-0.5291603517565808,1.0,8.887279268008433
1.0,-0.8552422908701387,-0.6313060534575157,-1.1704085806377986
0.5359309689339791,0.4569378504436574,-0.42569560196752576,1.2212990874485263
-0.7424081746271238,-1.0,-0.7845989686013453,-1.3377368418759896
0.5181192767989962,-1.0,0.8897679553350237,-4.356491085663884
0.4368228553249842,-0.07999144162403482,1.0,-1.1632771917551081
-0.7526052157152916,-0.5680336846900815,-0.41195147127924714,0.09086834583227987
0.4899700643152849,-0.8909940587618039,0.6357121498447817,-0.2824978589733462
-0.6254541667042024,-0.5934567366915247,0.8990817791709522,2.267138196839774
0.4102640937963775,0.08619801343713362,-0.8043846967841806,-0.7146347988958265
-1.0,0.1431065176486963,-1.0,13.426345457053777
1.0,-1.0,-1.0,-29.410645883739317
0.2956872403116235,-1.0,1.0,-8.204652196840087
-0.042752141010423905,-1.0,-0.0658359135660882,3.496936261433682
0.42840353608104764,0.8022191660784292,1.0,7.063367255536748
0.4276200964198458,-0.4509304890876271,0.6891898312572298,0.31609870662802814
0.7073806911378393,0.10287385911412361,-1.0,-2.1944688381854682
0.5706347215402225,-0.9947873840753543,-0.6083188304338352,-5.270684538409937
-1.0,0.3648830329453827,0.856738226236162,-1.6686117235766738
0.59380861081553,0.2898214964213994,1.0,2.967002634381259
-0.9621181637035487,-0.7303473308714985,0.5965111768174154,4.308471636536826
-0.16636177882301162,-1.0,0.16349388542473364,3.495902985760707
-0.5454346004718231,-1.0,-0.022276011871076307,4.019236146128084
-0.9697853368289147,0.96840596954002,-0.3944441563542067,7.508098254550594
-0.7323212753028303,0.05155502463277539,-0.2163369038966263,-1.715123014525914
-0.638136797326972,-0.2710161268117952,1.0,2.2485170599820554
0.34384555799819494,-1.0,-0.3755626379961534,0.12508106912917163
-0.49013938832730863,0.1490703092525809,0.3697613516389511,-0.24455814339679627
0.7720243169683638,0.8850117668821582,-0.5886873734872644,6.697407768182504
-0.5244606252813071,-0.12671793582829283,-0.45075280561716546,-0.3921986480253368
0.24353700899701036,1.0,0.9368549673435289,10.307658964534044
0.19288812934655786,1.0,0.5579397395626684,7.264890134967324
-0.4518869928115956,0.35060799436857404,1.0,2.890595208295293
-1.0,1.0,0.2764228302588114,3.2544617039812187
0.9528000974034905,-0.3962758074929025,-1.0,0.5753704448328382
-0.460255203132814,-1.0,1.0,-2.8972590908257883
0.6570209267417528,-0.8193036532280793,0.8079152838004893,-1.6751335969432402
-0.5587793261984797,0.9150660178967669,0.2880050580343836,1.8937664719163736
0.08642328506163399,1.0,-0.4361405939905638,10.01508614855828
-0.8577121565587809,1.0,-0.21969952424992867,5.832861145901457
-1.0,-0.6602581961110574,-0.510314061804249,0.9864640274469876
-0.07690114697932637,-0.7635298237569015,-0.03718347885687945,1.9810207022014152
1.0,0.7989409029040968,0.09659417857965824,9.127083099753358
-0.3175031782089235,0.24728704156098735,-0.7530444757208765,-0.7017266059211104
0.20708077482940057,-0.44456217393024655,1.0,-3.03472323680766
0.06902255582738959,1.0,-0.2005604072938456,9.28476995414935
-0.10484834054435122,-1.0,0.8543303452526299,-3.0224341267720956
0.7978780255288165,0.5073367030732361,1.0,10.188661964341154
0.49373547786338623,-0.217534527250002,0.9604004623355347,-1.2296782178356893
-1.0,-0.3834545780425067,0.43662057694159073,-1.5266286834188638
-0.9787067208222469,-0.5243768646719882,-0.005056553206473469,-0.37274584680115774
0.14128504517274743,1.0,-1.0,4.721317825780138
0.22290891086573228,-0.4106567281439524,1.0,-2.3608479332605556
-1.0,-0.5551150332029962,0.015725846240135732,-0.9540967447075186
0.9938787055128562,-0.5285109895581122,-0.7937889099787623,5.159831745953128
0.4595235671155904,0.7429873447016773,-0.1731991507691042,2.0780497207937283
-1.0,-1.0,-0.8597378227485439,2.385276840361862
-0.02627252459273044,-0.7140583849914377,-0.5235931484307728,1.6322232497575881
0.03940632182156589,-1.0,0.1745440023616298,1.8899741008019881
-1.0,0.23889183795277047,1.0,3.2108138934093615
-0.4311629583370389,0.7228146777677908,-1.0,-3.507721839078855
1.0,-0.5576250430021719,-0.6568654804120138,4.520738176242712
0.037267575028071986,-0.10909871351489175,-1.0,-3.1815155209165065
-1.0,-0.8554385550369075,-0.2617962043345996,4.025412625980799
-0.19664654621772515,-1.0,-0.3132618583299447,1.7012099386075714
-0.48962711419321625,-0.7725322084440036,0.9192542061719755,0.1368113007551417
-1.0,-0.44790966944635113,0.18116908381950236,-1.6371978139185408
1.0,-1.0,0.22088090273774963,-7.626285421523488
-0.5668211523070632,1.0,0.04956404917462942,5.1747220430345156
-0.7443336030261165,0.3001560006072441,-0.7036292519491809,-0.097530898795957
-0.7612873711768997,0.32084562313004383,0.21591371567054107,-3.464994764076483
0.861539030451766,0.1572576480454173,-0.43253126590287305,2.055686281707981
0.1649608044281401,0.973460278593711,0.24996532341506916,6.4650555959676055
-1.0,-0.8793100094568684,0.08436928111430486,5.022234191792425
-0.3054012895628686,1.0,-1.0,1.618522828632829
0.2889929781695433,0.8133812520204116,-0.7215685170661748,2.998131751756209
1.0,-0.9531823488658677,-0.22415647525451288,-4.6053064624864275
-0.2874135898605328,0.1943913321586006,0.8600971808664581,0.7061460747831398
0.03232595282039785,1.0,0.600188943994546,7.468491000019609
-0.12239495943844392,0.3609473228151654,-1.0,-2.380507705107613
-0.4552720269420847,-1.0,0.6641087606217031,1.6441534874752213
-0.043053809005440424,-0.49778104176593674,0.44367593183154863,0.7343008156080487
-0.18617044912077096,-1.0,-0.8654313001823541,-9.547363612668606
-1.0,1.0,0.15938777741999566,4.8274230707120935
0.6984530678611269,0.4283950273586079,1.0,6.308590180667843
0.12272624748456806,-0.5133746922503659,-0.347639590617967,1.7406477544340853
-0.21358714417186064,-1.0,0.8486083045468986,-3.081331551663824
-1.0,-0.05089916739586409,-0.05030237043346619,-4.679552139116334
-0.30856466957255724,-0.6853042158265854,-1.0,-5.780578674477866
1.0,0.3547348796318981,1.0,19.649247694667437
-0.8888848846433521,-0.3408056778120552,0.0619378741281702,-0.5555673311579012
0.5937737624537067,0.8867966105928482,0.30102113866423474,4.487726888482989
0.14030765976277304,-0.42275079314308694,0.8380071371117341,-0.5881220492180544
-0.7269149481458959,0.005849180673106247,-0.41012433054900366,-0.6687005185203626
0.5443096715251816,0.683858658870433,0.8685643239797385,4.817673981850261
-0.30982452560425866,0.003981017143020571,-0.4740249298873094,-0.4861509290079669
0.47478924284395774,0.5512364639021465,1.0,3.96942978421107
0.7841827242615789,0.7789611249994435,1.0,13.159361804693217
-0.11222415466392732,1.0,-0.08794485891119685,7.531947621369602
-0.7618863943106149,0.483034721265172,0.2071087195384329,-4.01494374658588
0.405981111950396,1.0,-1.0,5.277481927443254
-0.35172706996139036,0.9421566584077223,-0.5488668011722302,4.180472028077382
-0.4111394089270144,-0.5620619957835762,-0.5661550869878991,0.6413166420098295
-0.279951647122769,-0.10068029004807566,1.0,0.8447090663740172
-1.0,-0.4736209288708735,0.6100817270964636,0.8816537153362682
-0.6167222424655543,-0.2492100273236515,0.9526510170907365,1.0605319357409058
1.0,0.20465515041495452,1.0,16.0595922659705
0.41368206406586516,-1.0,-0.368715039695676,-1.0508238961805323
-0.41933918244199764,0.11478649713130773,-0.1494131814219628,-0.27286623242367347
-0.032695862379998,0.6008398806822306,-1.0,-4.5416916526071205
0.12618563460717813,-1.0,-0.8340980067328654,-8.909932064088565
1.0,-0.46127755719522834,0.7839906095496274,4.828104533140471
-0.4254734672964964,-0.6132123913624046,0.49235380552239505,1.2861106331966878
1.0,0.35337732111606956,0.2095883769207949,6.7919937330386615
0.30959518175199374,0.09821039419411415,0.06584370477226975,0.7154565237760611
-0.5543962678188943,0.3868477007418605,-0.12204245996900442,-1.8888370723600862
-0.741880769574375,0.07740486522242818,0.15390922010621977,-1.0064104194656947
1.0,-1.0,1.0,-9.361764149806602
-0.016774453028971292,-0.501552932968423,0.17887480164468617,1.2176286096258768
0.8784028212156076,-0.1139703070874154,1.0,4.403202350259002
-0.3411548444331016,0.9780496995289849,-0.0936567727205504,5.930095041687289
0.5564722447321719,1.0,-0.5431422745422154,11.735137993438665
-0.06955012090247492,0.3341996468128092,-0.22111987257837473,-0.001319962883616299
-0.18966634598891985,0.5564113485145166,-1.0,-5.027869286687394
1.0,-0.5605642884162769,0.847037675160061,6.008872624622446
-0.20318985214806995,-0.2058315254177685,0.4250927514794307,0.6618502260109422
0.13261276140541578,0.4255105091843694,0.3685805756664611,0.34167469728320643
-1.0,0.8460553374335997,1.0,12.386006292408995
0.1484792526046419,-0.4389087878954425,0.6911991966601785,0.6916813093899832
-1.0,-1.0,-0.33336584348835663,6.034907079998261
0.2538761781325032,1.0,-0.1926699707338828,9.04094848439469
1.0,-0.1714969432546627,-0.7050818482559711,5.979794282472198
-0.05668327806411111,0.5836415084728843,-0.24075304312001578,0.6296725024838865
-1.0,-0.20583140142653011,-1.0,8.142470154104245
0.12151962147149131,-0.5806791967354124,0.7928123165360283,-0.955189198595246
0.36209139570697824,0.8874280790577069,-0.31977256228067175,4.727913469745607
0.650704524584389,0.9190813614970643,-1.0,3.8631152116368805
0.39370403716767677,0.30004443936137926,0.4449156011778488,0.22237506054715706
0.2535824656445602,-0.38673705696294713,-0.1921616478162167,1.3730229413889696
0.13939432729732792,-0.6964627022104664,-0.4496458191979069,0.5032184150847347
-0.356893451771517,-0.31016816729285734,1.0,0.3680793705574266
-0.38233555866295577,-0.6350742068944524,-1.0,-4.870980753005069
0.3761713282653891,0.2768734215998765,-0.9006776301707167,-0.36339498464774805
-0.3696748860826444,-0.2832628902104968,0.5838533816847105,0.05665163732437707
1.0,-0.5569862455515302,0.8536190005791775,5.0165368315528
0.9688758645642479,0.9354141801089686,-0.9222914093282637,23.934945910659366
0.05303971101355698,-0.10016725073878119,-1.0,-3.26683818019648
0.7917778034400624,-0.475415345462435,0.2726277301766318,2.1743284448554916
0.3035895520307179,1.0,0.9502974301138223,10.216799586995096
-0.30748437728007083,1.0,-1.0,1.5999395468774171
0.42322206573052346,0.7188688332820639,1.0,5.72878821110367
0.9716181581344503,-0.02981304796025075,0.6861147121758115,7.371104023139591
-0.8116199725679012,0.6077461574433185,-0.27074119156011633,-2.4466846147582664
0.626855823038982,0.6867079927304858,-0.42644597649466887,2.0496233309918157
0.9132700619718859,-1.0,-1.0,-28.924352114716843
-0.23280452805002327,-1.0,-0.6834300989105211,-2.3024537363390496
-0.0841581420751445,-0.18453090645652503,0.2982221628712862,0.35544346258003795
-0.0049123742444328045,1.0,-0.09880060089470022,8.335251445787433
-0.5491293200575145,-1.0,1.0,-1.7279892646787047
0.09636479129455067,-0.4554472946747141,-0.8644175257232452,-2.0489781014700794
1.0,-0.42208081438656153,1.0,5.8008822758785366
-0.7160489519358559,-0.8866630041207939,0.7785808147225386,4.819593619639587
0.9422895195097851,-0.7438838248304935,-0.9693509321196239,-6.146631170733133
-1.0,0.28292860269790077,-1.0,15.223800975599163
0.3650395823426478,-0.9598681386070629,0.33128141020904645,0.5428522292933919
0.06555353845297418,0.32236089753457686,-0.26566988107228084,1.06949855629848
-1.0,-0.19787173912546385,0.6649669978228356,-1.3922032029445572
1.0,-0.7436870264540765,-0.3525270532121014,1.706817424099287
0.3334617986338091,0.14256180413020503,-0.03236603637921509,1.2780846449716776
0.053662961137262544,-0.8128519061268138,-1.0,-10.057434760561353
0.9344466110569309,-1.0,1.0,-8.659749241734636
1.0,1.0,-0.39931705802723383,18.717743640840517
0.15649631302816314,-0.2126270208982386,0.17202576749079568,1.0420088480694711
0.19531276609925285,-0.22933143363129171,-0.16279345752721452,1.5021651216582954
0.9582871820760994,-1.0,1.0,-8.810504088628983
-0.14238501982403484,-0.036459560067318764,-1.0,-2.459153119511525
-0.06385683574126455,-0.6087288661939843,0.5852692584183685,1.412548517639614
1.0,-0.38045235961046564,-0.513795121942215,5.437178666618963
0.9478226061902948,0.734256554893564,-0.020878058371623043,6.44440065239197
-1.0,0.15229827859268386,-0.48038026010055934,-2.8116442886487443
0.17487082509622098,0.7568372706627347,-1.0,-3.8028560327908596
0.14928611289082339,-0.6040968588773514,0.7891131411714867,0.6034046847233938
-0.1660721924126194,0.12408696567489974,0.10652219377684347,-0.2190036425341244
0.7527195342808564,0.2256188683309952,0.5749800335038724,2.606498129521191
-0.07141921412435681,-0.824914482657886,0.19722116772669307,1.4708366470683232
-1.0,-0.21124842911484354,0.180869434590627,-3.9281982702724196
1.0,-0.5758807251207605,-0.06991079102947917,2.1898592319705887
1.0,1.0,1.0,25.600135906240734
-1.0,1.0,1.0,16.91971013911485
0.5695238979350177,0.164622552929665,-0.242692677343616,1.3962065285338856
0.014717636061502892,-0.006960470546029551,-0.46466737931881497,0.2502310479150901
1.0,0.02271281685989579,-0.68843034874062,5.35796793283296
-0.33949755790411795,1.0,0.4001695483817058,7.237317426123247
0.2912607855646834,-0.44996218955935197,-0.7677809173867223,-0.33711709200053863
-0.637582620902952,1.0,0.35531143706058876,4.046944954679407
-0.6241615366601081,-0.47204927466018654,-0.18742847765867832,1.2440107697041696
-0.23409419644742768,-0.3074823004302154,0.7161149136440306,0.4605223956247893
-0.8121682354337771,-1.0,-0.552401049073733,3.5686507317301697
-0.7768158007217498,-1.0,-0.5140764670982192,3.952767938051991
1.0,1.0,-0.6805200360716195,24.54512404510203
1.0,-1.0,1.0,-9.385356357808632
0.6124524010776231,0.7139616029007629,1.0,7.9169452608133
1.0,0.5937590949140861,-0.5174519482251725,6.09323174060007
-0.14869286619616662,0.9161458017782618,1.0,10.39965674098281
-0.05775890186215982,-0.3302670393941447,0.7374757211077554,0.08833750327114291
-0.5098656765288909,-0.21764647213556865,-0.7408942074457963,0.8642534089761079
-0.655153197978692,-0.5722099527810762,-0.536021737019797,0.9532162181424326
1.0,-1.0,-1.0,-29.51118145167809
1.0,-1.0,-0.8744588273364806,-20.266979543144643
-0.14631730672628152,0.022533111018008034,0.2381122537153968,-0.5154272256728629
0.6068644064553024,-0.03287122391406605,0.9666535795756881,0.30979908436512305
0.3627753270234717,0.09776947685336834,-0.7586737577827529,1.2079382712729703
-0.05426012118452128,0.2569372988969778,0.549950139769521,0.4242151275370779
1.0,-0.7248715573389817,-1.0,-4.033180105786389
-0.09983820734935844,-0.7484874771713876,-0.15203344360141147,1.4115280820199243
0.10800377210582579,0.46098648538847975,0.6821623018054408,1.2003410103415342
-0.04747318291177938,1.0,1.0,12.992251091458977
0.7061788449526463,0.3236744036914603,0.43078176288124803,3.0991487525967245
0.518243472640654,1.0,-0.8006210460707663,12.44616083558567
-0.9671768662981433,-0.6795242348260229,0.5198358222904313,3.395718609223924
0.9200819995890814,1.0,0.04673832810816836,12.229138224136012
-0.9328153850609897,0.8934609877398658,1.0,13.276022312159045
0.8732665359972156,-1.0,-0.5649672251272817,-9.091806439637377
-0.3640652262193529,-0.9029450015726042,-0.9807336930603932,-9.79627246999765
1.0,0.3937223816988402,0.6338502212787527,10.253541246211073
-5.170696862211166e-05,0.9620855575083722,0.16662901157272292,5.148593612246419
0.06114675411979453,0.9365196778828897,0.37985316118796275,5.0898070182440724
0.9412199351843782,-1.0,-0.7979801919744842,-16.90926427766434
-0.011646915635396438,0.8876992763804497,1.0,9.82920340740911
-0.15496636161715038,0.43546769481810776,0.6221597403169978,0.21715914937977715
-0.19389504559250592,-1.0,0.3511727008595944,1.5933274241317417
0.987870322512084,0.420221457884024,1.0,20.39303579498944
0.35252485250438514,-0.6776337452840553,-1.0,-8.204504095761921
-0.27810455450016525,-0.6977926851151062,-0.8449543646781161,-2.6449450075611125
-0.31655050480135216,1.0,0.03837084645065936,6.21401403452705
1.0,-0.9040872254049426,1.0,-4.791189933430646
-0.32795010337483643,-0.3727522845238529,1.0,0.5185885418966272
-1.0,-0.4091623670043769,0.10964108208945933,-2.0669114466543945
-0.915321372235278,1.0,0.2594791449280782,3.5179888492540448
-0.003235027268418511,0.7037639076924198,0.6489379179120831,1.939241771601262
-1.0,-0.6227621072332346,1.0,10.782924099832492
-0.6573417884712922,-0.43369059935378407,0.8187564953189124,1.5212173874723514
0.13448666084696903,-0.8366957671097464,0.17471339977935174,1.8617953044749525
-0.3486924076310931,0.3749395759301759,1.0,2.753174027728451
-1.0,0.10856301812604507,-1.0,13.524716676096494
-1.0,0.8718665015752478,0.8636831149873458,3.5953010733798694
-0.2476247335342603,1.0,0.5512169824604636,7.214597867378451
0.22190043089509603,0.7596674547718796,-0.03544293699103784,2.007190188552652
-0.5217996581820412,-0.634783193647716,-1.0,-3.6064359404425845
-0.03013055977950474,0.7638462821050971,-1.0,-3.7165717811757304
0.32648081027854525,0.9285661200252213,0.5387847252943856,5.476699453902097
0.44342437083191877,-0.8266547443738657,1.0,-5.033508770290423
-0.4884493162226937,0.8971319610089341,-1.0,-2.5471779412511717
0.2247161356469387,-0.7876019772788965,0.8106307391789322,-1.636390970347838
0.3995313218416201,0.3582238903185355,1.0,2.3497494657091815
-1.0,0.4242143807275527,-0.17978510830686667,-3.1180595701137563
-1.0,-0.7617344583100354,-0.6775558488077134,3.0231489516117183
-0.8653899633996083,-1.0,0.809736128635564,9.876118159219862
0.10217564961511783,0.5823411797427371,-0.518276116012383,0.5926904996977655
-0.23302662138943675,1.0,-0.27435155387046395,8.282141700986278
1.0,-0.7184907969569865,-0.22917982626135425,1.8777533922814458
-0.35058672025728344,1.0,0.25207203982327053,6.811035702602939
-0.23517223359154515,-0.46460837326327487,-0.09585619480109275,1.3266607609038727
-0.6886951195215083,0.9912663972894105,0.3347121618604001,3.3851650958022446
-0.47130062128431804,-0.6140135061077283,-0.11118944157031319,1.8850071578279777
-0.894200742260743,-0.021861084568179256,-0.1471154926538547,-1.3242940971575974
-1.0,-0.718286583772854,0.04936736481003412,2.3645646475988875
-1.0,0.24591739114038247,1.0,2.949028729165838
0.21020925411871905,-0.7550561322474294,0.34800844010691323,1.1220722879670029
-1.0,1.0,1.0,17.502624103452813
-0.8901960163700926,-1.0,0.18091497826680203,8.319120603033262
0.6688508654915364,0.6571698727044244,-1.0,-1.5029315724623415
0.9178857082772767,0.892237650229579,1.0,20.575525938505304
-1.0,-0.15485083917402243,-0.3981387777768184,-2.714062785357324
1.0,1.0,-1.0,38.958659851517396
1.0,0.5646614805555001,-0.29863355285529747,4.928449327367713
-0.6896836303906999,0.12906410811381352,-0.09709919250266075,-1.394285527812766
-0.23897602060634648,1.0,-1.0,2.596606106235263
-1.0,-1.0,0.19363818406911015,8.965417488622206
-1.0,0.7874524111834311,-1.0,19.726870093056576
0.6475270491633178,-1.0,0.9207455228844958,-4.145332044908552
0.24856023129755433,0.8979638844693567,-0.3776764716058896,4.587143058119696
-1.0,0.9565953666793392,-1.0,20.741074135651623
0.6582308134546495,-0.0021894217473488187,0.1936504984653964,2.0099422641075675
1.0,-1.0,-0.003873958257907484,-8.759288047310529
0.09762961313083318,-0.8402213506855525,1.0,-4.3145626649370765
0.20339000052226708,-0.48484166687371855,-0.5931690302684283,0.4831270715601565
0.7688438228905734,1.0,-1.0,15.025514649089322
-1.0,0.32263644999158503,-0.0007799263834267212,-4.077255590075215
0.9211618416914662,0.038625674156740786,0.7802142683680167,6.930561985517388
-0.6087494713215074,0.08925565925729173,-0.24550142242119444,-1.1572541601959256
1.0,0.6124328165694657,0.20578525675664783,7.833283946148047
-0.38313726711973195,0.8201064195939152,0.22046995761466937,0.7367313115313591
0.08293876242607157,0.29374508212249806,0.2957482353137415,0.17565243857900087
0.6070243765370875,0.846829906460892,-0.6889295810568585,4.59471794312631
-0.8473826301263199,-0.624481966170386,1.0,6.109445182233923
-1.0,0.6397970297756748,1.0,6.8327049597688845
0.5941851090294099,1.0,-0.1313855362448133,9.194408590721045
0.23154004457928612,-0.478063005157382,0.12905668001352355,0.32556400236386407
-0.12328785306205381,-1.0,-0.07254989298999281,3.284841475050134
0.5096911709651155,-0.28884764967623666,-0.07543729015408518,1.6370430918842787
-0.11071225109952709,-0.32203610855218057,0.22714279648497704,0.4538647835939517
0.5435494073172891,0.32246229911973523,0.7142327179588734,1.2447858621326968
0.09829327350835126,1.0,-0.07657812252552598,7.811641769334997
-0.8562367173787249,-0.24239114044970278,-0.039055078511999186,-1.082111633034252
1.5005968330594754e-05,0.018627800748931556,-1.0,-2.2045189026955745
1.0,0.7576004130964431,0.3139078348852682,9.328460693065155
1.0,-0.7179855856746409,-0.6564592673282688,2.6048413361185934
0.7165023880361723,-1.0,1.0,-7.553080301210802
0.12848988550478047,0.48989234319266006,-0.153294205397154,0.6965889653135924
-0.20729592612971226,0.5661099975055968,-0.333317370354012,-0.5457554406446781
0.060640832925989985,-1.0,0.7302073703310661,-1.2321184409669026
-1.0,-1.0,-0.14112298646556676,5.944292490916566
0.5559092092980122,1.0,-0.06440926900920108,8.563824957424249
-0.11936413225162701,-0.4424988004325294,-0.24126721108547167,0.5687679788018171
-1.0,-1.0,0.06303375715312898,7.344426107303112
0.40928110859188926,0.8322844473437239,0.08491390605252636,2.4177538132901866
-0.5310116405949865,-0.9519815803719245,-0.01882118073514083,3.811251334905025
0.9936454852467136,0.9013668122747158,-1.0,25.18221349689545
1.0,0.12417743098304279,0.11580740649156773,5.7024459899622535
0.315003489842427,1.0,1.0,9.715122548695481
-0.502839470598625,-1.0,0.6171030472492953,2.3401194276852246
0.7515593586322689,-0.5720831137053282,-0.4470767194034495,0.7025823070252605
0.23098481298486417,1.0,-0.37225348128731794,10.022546992221136
0.18404325244668907,0.363157598222944,-0.41400335408292754,0.7609570737620402
-0.2921674720681786,0.14256215305511444,-0.7529688804115708,-0.9990924083759158
0.8298150917961564,0.18000350167094425,0.10658212041040183,2.5653598056855427
0.4641219796204161,1.0,-0.7096932419861859,11.997092123001488
-0.13149623009382116,0.904990872022206,-0.001783739922100569,4.0241939337256465
0.3080775498525954,-0.9841082769018075,0.8364077264400356,-2.5773311713257105
-1.0,1.0,-0.8841909752704307,16.019831450930567
-0.2666446244458085,-0.11769400596287438,-1.0,-3.0072752933443008
0.7474276134381743,0.10010354862832838,0.7177861576518436,3.276637267587205
-0.4433211685002285,-0.701590119394893,1.0,-0.044132206907011806
0.8622010350846601,0.45694092103905226,-1.0,3.535678715866577
-0.12603523220680124,-0.9802440978085614,-0.8350502084135858,-6.9521583459927
1.0,-0.04101985090127913,-1.0,7.276762314688576
-0.9831454248632685,1.0,-0.717554387644211,11.312042579783535
-0.20271327819355678,1.0,-0.9072429029707292,4.370562952512565
-0.464204099746621,0.6188134516427999,-0.5441647783270562,-1.2006392566755248
-0.20915442246719596,0.748599320290029,-0.042895287966128404,0.7198401572972619
-0.2130184075808892,0.1594326386746121,-0.4342866927936513,0.8067727264478811
0.6073129245865732,-0.30243186368269104,-0.6546518121609863,1.639619269356719
0.7569510631133545,-0.32987163589288104,-0.47074323063341716,1.2401820788554014
-0.44713894110274577,-0.9076342328386411,0.0738049099087228,2.9231243526625232
-0.9311976503385093,-0.8753794488903466,-1.0,2.624777258005329
0.1412209384024774,-0.26579570251812257,0.027992809786531625,1.2490354626250075
-0.23567864594512877,0.03344559624720156,0.7654793979377099,-0.4297818414969775
1.0,-0.635780290905372,0.7935510760835769,4.8114724018434645
-0.44610698757377754,0.3412618266148,-1.0,-1.3125602469996904
-0.06676444491931433,-0.7072050865628661,0.05971199504616953,1.3352131388330712
0.09477368297023303,0.1025394391212493,-0.12310415161786015,1.0162718711660201
1.0,-0.10260205128801814,0.4341770392100617,5.676867488582372
-0.14132304147685293,1.0,1.0,13.614181811351212
0.7696769226585136,-0.5391345935180787,-0.872608834628686,-1.7189082088794643
-0.4494746458729917,-0.49408277947819945,-0.5790493946613939,0.2795442656350783
1.0,-0.803684346013978,-1.0,-7.679673767564797
0.5437277830429126,0.08100407758775607,0.6269167006998788,1.5991256732882366
-0.07727656475279354,0.19121440055939054,-0.15023040747175864,0.7642946694341564
0.058495116923624746,1.0,0.1136171079999575,8.169649491291331
1.0,0.8682224712065438,0.0754393822093995,10.377370355392245
-0.0803500186900925,0.931672792004276,1.0,11.527066917064829
-1.0,-0.8469432185741268,-1.0,4.771118115780467
0.5132776933614012,-1.0,-0.009493729534058026,-0.5314344526315764
-0.8370622346098737,-0.14469341969785643,0.5866612018865451,-0.36263021448772126
-0.772446735773058,0.3380277474654869,-0.2685845177241415,-2.0559022479609674
-0.2504240496795953,1.0,-0.04882071021969936,6.838867302356434
-0.29524498503227137,-1.0,1.0,-4.954754965645015
0.13035815888143487,-0.027445315282743854,0.39623512618230516,0.6359692980956653
1.0,1.0,-0.9983237942307737,38.54355908187623
-1.0,0.5344205118008227,-0.5710211035604511,2.005666811629827
1.0,1.0,-1.0,39.32818474751239
-1.0,1.0,-0.37087040340737776,12.517956904793655
-0.8121789076786992,-1.0,-0.3709105951524594,4.6426186372509575
1.0,-0.8248937274862262,-1.0,-8.694721135944041
0.3801727693094126,1.0,0.09513540880987059,7.407061368959252
-0.25773798010794646,-1.0,-0.7638450916337165,-4.310450892241732
0.692155939205916,-0.7346092696279114,-0.05463303991031343,0.9988791690491009
0.37731904752535317,0.4096730269832576,-0.33044911074934946,1.6297053008291962
-0.8593304252663874,0.5796356491792753,-0.06259843278122568,-2.819969276703943
-0.7964124989638754,0.48512933839942707,-0.3274689566098139,-2.5943162587587443
-0.5678604914583172,1.0,0.447978129024472,5.719191451896841
1.0,-0.906792357675283,-1.0,-15.644185209594887
-1.0,-1.0,0.20235840891241952,9.30545232466871
1.0,-1.0,0.49726234040724315,-7.931801282901989
-1.0,-1.0,0.6154790375724788,14.947582975970667
0.42605521158998183,0.768440806864775,1.0,6.980129638515523
0.769397034149266,-0.855375723168688,-0.21343966246575974,0.8087784422926394
1.0,-1.0,1.0,-9.828479914820017
-1.0,0.004592118782208221,-0.8387319699999733,3.4789965527614797
0.9283559086663855,-0.5865330932170854,0.6388639761936197,2.86253632326645
-0.024778165789070883,0.07551567526330394,-0.4372001963550036,0.705369013491946
0.00622085526585292,-1.0,0.4290028531430834,1.0475297092767573
-0.21505690997997506,0.8273833179292949,0.49622911756330335,1.3710105309291198
-1.0,-0.9271425335641059,-0.05218590956380065,5.9794905195503265
-0.15763443473689365,-1.0,1.0,-5.459607456514474
0.3478463781701422,-0.9885289669644752,1.0,-6.7422549776701866
0.14245546989638513,0.47786680709351614,-0.5503912982063512,0.7959994258305678
-0.5239365320725942,-1.0,-0.7363036557387692,-2.5689399792129226
0.3047456475217225,1.0,-0.22465615863161426,9.318701746021901
0.470666265587528,0.92200959917406,-0.8947037782238543,5.004952511286973
0.02705403318572941,0.7565438412024375,-0.3256786798156397,2.325445430433132
-0.5983277500603843,0.03697200722168703,-0.213493729259844,0.39202124113628567
0.4206506727235031,-0.005398078158636466,-0.3067759088790667,1.428070354833482
-0.9032536021822402,-0.31574701274136197,0.6309759954232046,0.6410238318140861
-0.3810431821321445,0.26830186726345717,0.8139016275084656,0.03440927185651466
-1.0,-0.13930202883472576,0.02318016827991931,-4.048263161003799
0.6835829276135919,0.4381859294402648,0.6904691767402491,2.353215074535819
-0.68605650488476,-1.0,-0.41335689554181054,3.7275585090280803
-1.0,-1.0,1.0,21.65890945200868
-0.3163820626102758,0.2482616641526718,0.6315153387119183,-0.4633403239203564
-0.1818905509040909,0.7092168049656535,-0.20725692252371686,0.6064228642403917
1.0,-0.8005443160517305,-1.0,-8.273647714670188
-0.22865538022683363,0.7108473812746032,-1.0,-4.167417868106804
-0.036739129072836274,-0.8832951074799982,-0.5678871236805292,0.11390786038606165
-1.0,-0.48057501026689,-1.0,5.950846934766397
-0.36670573305366116,0.24000506696971646,0.4839254140637479,-1.1687147175727322
-0.31567433617570506,-1.0,0.18563172036384423,2.8428120279035753
-0.6897002009447188,-0.4716762446459597,1.0,2.5894542124833615
0.3230350296219877,1.0,-1.0,5.062082885030323
0.041937473508376844,1.0,0.2228891738192138,7.849956405178479
1.0,0.07604973282410965,-0.5756157930137897,5.217474598832782
-1.0,0.4375672370065904,-0.22043804478654327,-3.0220609154620237
0.09138440823406269,-0.2524844566872657,0.030346318368994485,1.057081156338364
1.0,-1.0,-0.030725892771530816,-7.747235246224236
-0.45262666016950726,-0.020808289283248405,0.9709569194720562,0.5759846615027027
0.18519340852823496,1.0,-1.0,4.678400067458128
0.8253043505699793,-0.43985661739305226,0.14746789452495013,1.9280156916738276
0.890204206869172,0.4320202918932434,-0.6635884377188384,4.182570782472352
0.25675119749097863,-0.17158014114969866,-1.0,-4.532854731898286
0.7089677166904551,0.8514927536012138,0.933898281079379,8.73710073433021
-0.24468697767115666,-0.26914641452809174,-0.48180631321073575,0.6366731033257501
-1.0,0.20112748638671785,-1.0,13.964103826123132
-0.14019725151564844,-0.31582713733780365,1.0,-0.5890015271739382
-1.0,-1.0,-1.0,2.7732364830090774
-0.3198671791291672,-1.0,0.43136656519791505,2.6366003346983273
0.8065481370895946,0.555268865503354,-0.7547618177468429,2.6471234451173995
-1.0,0.9908218047775093,-0.35571358266915953,10.630797059105767
0.1725387959825162,-1.0,0.7623878479235784,-1.437660232416118
-0.6386168455464216,-0.9714071920752212,-1.0,-7.030496680703018
-0.5307088656505905,-0.2671924464845645,-1.0,-0.838523967914933
-0.8094973965469232,-0.8528997745433349,-1.0,-0.26903469880681496
0.7056259677910506,-0.3019779769671531,-0.10197716910082955,1.619553327686862
-0.48050846131239466,-0.5349451037284316,1.0,1.3261620327829895
0.10334169898160828,-0.16810201076469955,0.19756167396861013,0.43619151440820303
1.0,0.2883673904529327,-2.97510550839597e-05,5.672819524988883
0.0013513216547305085,1.0,-0.923637167478492,6.468342938036606
-0.3540876432795248,-0.3492318156679346,-0.8055262794667706,-0.9658111057928316
1.0,0.0643180905459626,-1.0,9.167054016574594
-0.5545179692595661,0.238646365023635,-1.0,-0.018221652705942448
0.019356195395409337,1.0,0.08728448041027415,7.581382165437694
-0.2617900097425492,-0.7465483915480222,-0.1489922861713886,1.617346182405352
0.8376681068748835,0.9090439482682184,0.9207762958066208,14.137944481516623
-0.7284709404950249,1.0,1.0,15.91928077375515
1.0,-0.1044849057001076,0.7711915192928807,7.637327518744446
-0.513049873371799,-0.8056346952329005,1.0,0.23534912429628735
-0.07694011283683722,-0.3983343406686992,1.0,-1.1922496854120945
-1.0,-0.9135802306294305,-1.0,3.6819712843577843
-0.6532738561292948,0.3259269386852277,0.5035389103831645,-1.9640519156526417
-0.36682580581086754,-0.9220965379747981,-0.06712848542152838,2.673694393156852
1.0,-0.989494570615403,-0.10858192430049551,-7.9557893635911725
-0.3770398563387338,1.0,0.6720052329868982,8.886503051261727
0.08145686141164132,-0.31239972939519633,-0.2504856004865341,1.0371260998882892
0.22974202805735233,-0.8662465387342724,0.14562331770060255,1.6898889448598757
0.2230368334034396,0.5577752030555079,0.31000878744372873,1.1833881469512748
-0.11015740798351148,-0.023776915618128003,-1.0,-2.634219280513615
-0.42573009359925673,-0.12781043248267898,-1.0,-1.0973979065132127
0.4230528394736941,-0.2692553328882792,-1.0,-3.3012525731397218
0.4027194302924899,0.15183349404896385,0.23754222189063556,1.6041304864999462
0.8938577145480298,0.5337951300014472,-0.03719180417197565,3.698968425050973
-1.0,0.26701154471075994,-0.1151577174734344,-3.699204184355223
0.839597368800002,-0.05565535240483155,0.12423478192851256,1.874665585523088
-0.1419215670512155,-0.3586720139438917,-0.4547424206997166,0.8745484985125986
-0.10446744187153523,0.5080620032559824,0.7490501609023021,0.23089628167516574
0.32130242054337343,0.5881342340294724,-0.194607541679493,0.6683542714785964
-0.5282502709388714,-0.12344077931208419,1.0,0.9205604317711205
0.47898137842965305,-0.7492850904853197,1.0,-4.277281475270713
0.3521072507598102,-1.0,0.06857960002289509,1.2326640644039584
-0.7769718951881603,-0.20009140978985385,-0.9763763351770705,4.415819966975762
0.5057087576243471,0.5012170638294025,0.8761990684629803,2.7941484102524248
0.9528470827628008,-0.3394898184039863,0.23996973280577083,3.9608912910996033
-1.0,0.8887950641301201,0.12859089655135758,2.245645398855504
-0.6355953310390374,0.27178580087082893,0.01689067111331921,-1.466523006201074
0.5349435690050821,0.3675080079519506,0.8127686758222648,1.8847906031793062
1.0,0.02936669728003083,1.0,12.34251506492699
0.052684370264828306,1.0,-0.9539183903414308,5.854588675027507
-0.3007692561487718,0.22585580384048143,1.0,2.6675004418211605
0.45466558419897707,-0.6869316069523526,-0.18818536423553067,2.1133208931107834
0.1595555514563869,-0.7393365446057032,-1.0,-8.250024381355825
-1.0,0.27332592278213563,-0.05120765523858428,-3.9780819910340246
0.3014237577201935,1.0,-1.0,5.681291975735907
-1.0,0.09869251692520664,-1.0,12.808677843701721
0.538487323549317,1.0,-1.0,7.8548353786950145
-0.041094213738728236,-1.0,-0.7932760364263722,-6.4392694183479495
0.6771160781717656,0.11189938193945825,0.684918253218729,2.237635454118399
0.13283224477295463,0.08943642504161953,-0.48576888896004333,1.1367648399985568
-0.39393399086670344,-0.7422132336665954,0.4590022780245411,1.116453687556949
-1.0,-0.017502409243089767,-0.7414799566872181,1.4392899816541989
0.7533896314413644,-0.7945791912330871,0.04299250269141708,0.17753007170348076
-1.0,1.0,-0.42278993208298976,11.802320315363014
-1.0,-0.2766033651562345,-0.9615351005634072,5.969324340788224
-0.3150182050394059,-0.03974487442281727,-0.3045283310387177,0.10478228810933146
1.0,1.0,-0.050672164580763734,14.712884374808091
1.0,-0.397108226115491,-0.35613053783935067,4.729357092364625
0.717594799367733,-0.3365910237219172,0.374841084314427,1.2882851253551175
0.3365015455405531,-1.0,0.31551333001961934,-0.08399031295656756
0.7979691728033333,-0.2941582557024165,1.0,0.13150633662418915
-1.0,0.2819480998641417,-1.0,14.430327874468153
-0.46514500736431885,1.0,0.2384880710966022,5.421014403997169
-0.5182179210707367,-0.4501066080769931,-0.36728781127226307,0.030305507976310708
0.1758823676477339,0.5279768256991915,0.29738228435641423,0.2802330355386754
0.9173244041557889,0.01174929753822851,-1.0,3.233943393118933
0.11062608931625273,0.5025875516230254,-0.5067659237958033,-0.004134575997586154
0.7425804009381727,0.6881085243048435,-0.3144872933475129,2.3492152728109743
0.5943590461196859,0.2818054295898349,-0.13990841250444785,1.2083272162214111
-0.01946106306284401,0.3670506066066892,0.2415468557392415,-0.5421957923489954
0.2169929035263891,-0.9500183930293262,0.1576643449360664,1.8272581340749767
-0.5090674698993289,-1.0,-1.0,-11.57048815399155
0.2737212556609616,-0.3120959051990333,0.7498231136014217,-0.548074937126539
1.0,0.880576157593872,-1.0,24.602679982114886
-0.21720442699188602,-1.0,-1.0,-15.30236021042506
0.5790771404879629,0.4913138633181646,0.4521756052128838,1.5781497210209727
0.33843986610898313,-0.700171259549299,1.0,-3.6349616165843517
-1.0,-0.18046437006403093,0.20392623309318236,-4.175981972146452
-0.5027717225265729,-0.6347131924797191,1.0,1.259357674151222
-0.5946173215372115,0.3888388899219912,-0.45776860793198404,-1.2021965318635905
0.5218276839225964,-1.0,-0.025654467961681027,-0.0690723950564633
0.47506684559935497,0.05561433390629489,-0.3570933735530095,1.6076209888395627
-0.9477061830589708,-0.27717441262451836,-1.0,7.360122410996401
0.9471665196383914,0.38301759986151573,-0.481470268955454,4.417091633667898
0.009691391200577604,-0.4984727414213166,-0.8813642647984679,-1.9578580937078922
-0.478751502614875,0.10445098996167634,-0.3662834576387648,0.32076308956072547
-0.4556640290729628,0.44270721510512967,0.5875566658779596,-0.3613918492692329
0.8841038977262254,0.04241892774262701,-1.0,3.2799950441743606
-1.0,0.4163351100255279,-1.0,16.912804159288985
-0.35740203137614257,0.2977130677162374,0.8276445822611622,0.4182365240320626
-0.7809688858066755,-0.4508278090346338,-0.5498046509105143,0.7676575415543032
0.27765234515566917,1.0,-0.5345016300952665,10.812786543392479
0.9553154421407886,-0.8426285654553458,-0.8933755243700185,-5.562843189546167
0.6319636927147565,-0.7574889025970104,1.0,-4.281927519788179
0.04942870241168529,-1.0,-0.32099470343721315,1.4513576403405801
0.3422643724350256,-0.5858681195677775,-1.0,-7.696833786279584
1.0,0.6314736848902511,0.7257093287573622,14.199228300510732
0.6378704150092851,0.3661964916394882,-0.6114297958152339,1.2710371077434903
-1.0,-0.05517754321432222,-0.2104179711941243,-3.410413090230733
0.14057543105785175,0.4454804105600383,0.8756713243087035,0.9463373360904462
0.3483506084727228,0.7702936910082128,-0.17736316028467813,0.8554067699842705
-0.49626152386917055,0.5513023977536236,1.0,4.846867235572211
-0.008581042795866134,-0.4003172108976232,-0.14203408349014124,0.4105841771869333
0.912399498845087,-1.0,1.0,-8.788232776795063
-0.5266374309041089,-0.32086891408239415,0.9746043072995298,0.7101479426282271
0.8669652044458631,-0.6558555955482746,-0.4945406784605024,0.39335628990508664
1.0,0.18946696757410986,0.9571278226384119,14.60514660387962
1.0,0.03167962202772112,0.5295662601407798,6.74816186701076
-1.0,-1.0,-0.2769211468209696,6.231491820455615
-0.25636987267513667,-0.8760459982826037,-1.0,-10.647215812776436
0.030023417222320825,-0.7649680090561233,0.02786374552738291,1.4804357033045388
1.0,0.8505249249152818,-0.6423567418480811,12.35840579645641
0.4814091113644745,-1.0,-0.4645428966331693,-2.78983073555922
-0.06552532677918155,0.2587613893057028,-0.7647148706848168,-0.4539643336655321
-0.5068689960514188,-0.3844076437456443,-0.5924968317376393,1.6559384207825967
-0.8764423155682768,0.15090003563460996,1.0,2.943681215938146
-1.0,-0.37942866129503106,-0.2001900387761868,-2.4671913397908436
-0.474953718142461,0.03444117099418875,-0.9814851743792659,-0.854627346382154
-0.5861775621382621,-0.5620207176392469,-0.3010296779186943,1.2177505910426918
-0.002613447317036277,-0.7318141697151037,-0.06792514245994008,2.0681277894509575
0.4424757483927224,1.0,-0.9387660940205158,8.990770921026353
-1.0,-0.3659123151169992,1.0,6.066444048050442
1.0,-0.9484481144616101,0.11569151239362574,-4.321594142682592
-0.6961695309335172,-0.131371961482454,-0.10150441451056769,-0.5772836044237417
0.654321538385056,-0.22902133587360396,1.0,-1.2310775469956234
0.6249245232043448,-0.20771513340490788,0.06415147795079967,2.1254350065698624
1.0,0.7349123823450294,-0.2492194854055294,7.3634698827158145
0.5144238665318941,-0.22116179337363762,-1.0,-3.8461793909464226
-0.6631266494350709,0.4345163169584134,-0.8026145706178391,-0.8614365455426382
1.0,0.5681187979558762,1.0,23.599183846718333
0.7970746055507603,-0.2661098209381698,-0.17089741907675848,1.3425523709888292
0.0015494602022125825,-0.24408920450049565,-0.8653478939039017,-0.4619513996926466
1.0,-1.0,1.0,-8.92773092326643
0.10648662197814907,-1.0,-0.2956144204224902,0.7762349984146182
1.0,-0.8786489278705563,0.9711339444002163,-2.4234613962137077
0.2668130226166927,-0.3231105864923778,-1.0,-4.3239471803137866
-1.0,0.11577475452512931,-0.9238794199831202,7.584770724667241
0.33351035035849197,0.3907896534885722,0.18758481233551771,1.887655794458
-0.17625662045762858,0.616513906737419,0.3775766765785391,0.4598735306966125
-0.587710476712817,0.5201320746295375,0.28354133655765246,-1.6121256151987962
-0.7772932634577194,0.9905084917149154,0.0741744391192456,4.299499969506956
1.0,0.26286316312308,0.10010195880665473,6.143990960362457
-0.15739425391993245,-1.0,0.26673167424950384,1.7292200254371428
0.3359007892192829,0.020185772583283024,-0.38770812161394286,0.5563410775748958
-0.9804931194058388,0.7077053583404023,0.0886146649039492,-1.8137591866089993
1.0,-0.2130905722113201,0.24658016956145312,4.463910921638886
1.0,-0.5579904419379733,1.0,3.814168600289832
0.852126438154126,1.0,-0.6990275292617103,17.226120669795055
1.0,-0.1647933855940089,0.3433289592358495,4.726558578817645
-0.40398563585472447,-0.8994978065906534,-0.18255898154669414,2.5557820036534293
1.0,0.8162814680400465,-0.8555947959690016,15.470151530529348
-0.8072256394372048,-0.06125911806650719,0.19461869707622936,-1.4404038467643878
0.9890463096796103,1.0,-1.0,36.9865635721891
-0.09144278224479008,-0.39612023921545103,0.49532195845873517,1.3546395761843764
0.5511452669216073,0.135929551316597,-0.1711817029206899,1.3115474938100236
0.430578620297541,-0.17817229165154713,1.0,-1.4983064835113982
-1.0,-1.0,0.8088931761097726,17.398191865484055
0.5835730954651122,-0.2804551026503095,-0.29453694278347275,0.745298452616367
-0.2595556009451303,-0.9899772619964582,0.601089012002896,1.6730003152662614
-0.3735717344213494,-0.4456116531051315,0.6922895231334663,0.8428187638695315
1.0,-0.0528671765177009,1.0,10.827097129848841
1.0,0.5360867520424839,-0.4886613917720286,5.5894189785669
0.07951683976514534,-0.9950338895859958,0.8921363119159935,-4.134633623453831
-0.03098071155976223,-0.5667744189861141,-0.39141846624012366,1.1729171423058211
0.38082019041102777,-0.442697681655154,0.41864590583986905,1.0313174192209549
0.20045483386609653,-1.0,0.8066572190871992,-3.088656645448783
-1.0,1.0,1.0,17.819206834012405
-0.8466602475138563,0.4350273211427267,1.0,3.890525321229408
0.5458326383381864,-0.8454862418180094,0.5071680269320413,-0.801034152512429
0.804469552843218,0.5945504592051625,1.0,11.17625730072717
0.5079773476054159,-1.0,1.0,-7.393177509042422
-1.0,-0.3648318922908349,0.4703915408582007,-0.9955442230563922
-0.9087875223700386,-0.6215811500159754,0.3348604819361536,1.8293564878559558
-1.0,-0.586700408679969,0.028170657827810475,0.43432402347724003
-0.48172199324588516,-1.0,-0.7521531230798968,-3.678639580250295
-0.5670105024334373,-0.2100142085947876,-1.0,-0.12774369110480854
-0.04867843718761633,-1.0,-1.0,-17.247150426600125
-0.53642184688942,-0.7925504214783903,0.867722973785445,1.9808436853751652
-0.984583327884351,-0.008619228578404359,-1.0,10.422733191864694
-0.326963403248149,1.0,-0.5332682245995606,7.628766279987483
-0.19532219364167513,-0.8752937728498098,0.7075646421697319,0.4099462963251197
0.8132859894150182,-0.6132097360809758,1.0,-1.9433487010003976
0.10230978646643862,0.31915702237405896,0.9103223652684884,0.7949193206971136
-0.296366196417273,-0.3837978159952624,-1.0,-3.727723265109395
0.27273829689982554,-0.7028720904527146,0.5992058739789394,-0.01729968244784491
0.4945037497051832,0.33235004409689317,0.915674948026215,1.3689642736367595
-0.7348034593242134,1.0,-0.17403772027470832,5.203922602008944
-1.0,-1.0,1.0,21.171048878593904
-0.1753055198530611,-0.5770787601320846,-0.08362976358934304,1.18883517631434
-1.0,-0.31836471124239796,-0.1780135560553886,-2.5864316294258094
0.5173895059238838,-0.24495132454194923,-1.0,-4.269576979081725
0.8506967452743355,-0.18105790719751824,1.0,2.370031645329767
0.7834216232728886,-1.0,1.0,-7.249174109987953
1.0,-0.9201659359931602,0.11366884205102545,-2.5772105939312397
-0.6773381652521739,0.042681135639093926,-0.9572813751858265,1.8934284324666155
-1.0,-0.008272515603378938,-1.0,11.166404597010105
-0.5802586691249918,0.35679977482324543,-0.3974345306684246,-0.9402615263350298
0.5657286384348783,-1.0,1.0,-7.984740855096059
-0.43650504278753677,0.1983180133054614,-1.0,-2.092196953718795
-0.4914664113304512,-0.7164252479435149,0.28329377202028594,2.205355418943914
-0.9742507957491071,-0.6411639808595131,-1.0,4.72665474641317
0.8566080796554485,-0.09431211766298953,-0.8494874746101273,2.297976736407758
-0.3007498592267219,-0.4942622031033497,0.4469992810022818,0.2716050754078452
1.0,-0.4520872831085945,-0.6493087613457866,5.377482912332119
0.039035741160722726,0.8410818742379493,-1.0,-3.0183001302708354
-1.0,0.055380346718345796,-0.3213545622624603,-3.2170993388165483
0.5470953726976664,-1.0,0.6134174346896446,-1.2374397136412294
-0.20297549379293578,0.5310844716539083,1.0,3.6493592460635753
0.9235882433713716,0.5093043109092004,-0.02986067787059099,4.835670410979737
0.3813582044245547,0.491638475080729,-0.5067967601090819,0.9713992462217816
-1.0,-1.0,0.18981513311238918,8.519117464817638
0.845399728438391,0.9779677908993591,0.11979711695823525,8.673230741077521
1.0,-1.0,-0.6644546910097542,-13.076991453556516
-0.8574749732415521,-0.7614640687154275,1.0,8.212930224278034
-0.30738365813937607,0.8969504341295333,-0.3742413449912423,3.1829661263413644
0.7734614866077623,1.0,-0.6458715336024752,14.498793328991258
-1.0,-0.6040040853801012,-0.06814464542183418,0.17277351529751855
0.8972382519367617,-0.641086921442972,-0.947156676783584,-1.9662665338639909
0.9319213096867922,0.6886576013511685,-1.0,9.920814711363942
-0.448585944076896,-0.40940450125625594,1.0,0.5133808704990173
-0.23336141405739297,1.0,0.1928756042167239,7.5700928038134405
-0.9175564245018062,-0.8772161113570984,0.1581140658534903,5.077526732707211
-0.2638797057415485,-0.17022316927779557,0.73649743068537,-0.005821228506753182
0.45828197580283336,0.8622957570077712,0.7244381752894169,4.988769881706977
0.828749733797888,-0.8515979418732857,-0.7498760663422506,-3.0726345608179604
0.3401630862950422,-1.0,0.7951198829551422,-2.5878491604993323
0.7215911746031936,1.0,1.0,12.694838997807203
0.6004910552090394,-0.33384694815624094,-0.8416351438230438,-0.29490744921560014
-0.6708075432739495,0.36222632796176035,0.603245481941926,-1.38057942028492
0.5728798537407771,1.0,-0.1647355962356698,8.00216048006326
-0.35021993953067754,-0.4746913347713231,0.5662744799428854,0.5706194253009362
1.0,0.12383704903033044,-0.9307452358522461,9.944756958854184
-0.37052325795414975,1.0,-1.0,0.9948132293843002
1.0,1.0,-1.0,38.69187406566318
0.405484089470872,-0.20540528211251896,-0.21004319484949274,0.9248576809322098
-0.8669164476969158,-0.9191072995356282,1.0,10.36098296487145
0.8034900031042624,0.8708779026643969,0.2735489093049799,5.246308006175147
0.6688073681805802,-0.9159372408149586,0.1445336127223853,-0.04696559012162456
0.9350058596347499,0.3469701981547104,0.7626970173507446,8.77607068968675
0.4688336919127667,0.15578429132480887,-0.3596792562845996,1.3630803671421414
-1.0,-0.04631666437492066,0.6918893894987146,-3.0737287179512207
0.6466781449348171,0.20883017995703046,1.0,2.9404336540323373
0.007448697117655723,1.0,-0.29723155907423715,9.689735019799208
0.3433185084202577,-0.6915469704889137,0.8679683886328913,-1.9560979277907729
1.0,-0.24008750267072188,0.7390022041619342,7.622528171877134
-0.18548577461798121,1.0,-0.9210176015495095,5.327214896293811
-0.05473730345616645,0.8161755735297807,1.0,7.766889755709962
0.37766262704083964,-0.33451646278379665,-0.416383490483077,0.5459008470362942
-0.0526910815868773,-0.300478237459576,-0.28091048727599266,0.8866707134189336
-0.34941678884578864,-0.19379253967981636,0.22100518623791254,0.5422565410884157
-0.9020588651127974,-1.0,-0.2713605818893401,6.692195309153974
0.6681169725877238,-0.5204484260781712,-0.0058397346202963,1.672596641674697
1.0,-0.9500609527426669,-1.0,-20.879318470963394
1.0,0.4344072693092189,1.0,20.671646593075607
0.4067801571204255,-1.0,0.998298561591872,-6.823781951133162
-1.0,-0.5229239417029377,0.8116563926060913,4.372359509527247
0.4534209649717029,0.42313567790607554,-1.0,-1.8669531695429396
0.4275858650106328,-1.0,1.0,-7.552165336714047
0.6172229673879828,0.7101150795424653,-0.4382214933870048,1.1262286514214621
-0.9813644912037374,0.9436156503236901,0.15362408299453723,2.6028038824248996
-0.898818956600701,-0.6510833844218848,1.0,8.352541373778793
0.05599691814095942,-0.08507972437450073,-0.006695588001230934,0.9796123032012456
-1.0,1.0,0.6072867740982038,1.1363265210518998
0.07599130738556292,0.6843740480549645,0.6245962382608219,1.1354459882862464
0.7731831546810701,-0.8108518958755759,0.339416538065874,0.5618401740238632
1.0,0.1756258833264004,-0.5364966754260498,5.807753934268518
-1.0,0.16618744782823036,-1.0,12.828816003586478
-0.11759015906528725,-0.6439361983195933,-0.41888950663585045,1.7542405620218637
0.7981488491299658,0.2828946687151528,-1.0,0.9992352698805737
-1.0,0.0439096175526128,0.6553977165351192,-2.734099096500479
0.3508182903064787,0.6808000521851718,0.4374315116331795,1.3491023031727467
0.43735830786080165,-0.28996566522761347,0.43244305332031274,0.45622987357601574
0.14786086279930077,0.7818786435464085,-1.0,-3.390342294716347
0.017946856362008656,-1.0,-0.5756561378666507,-1.1281351430901962
-0.9703939296900532,0.6653491709934487,-0.1894403784876033,-0.839730110753617
1.0,0.25530017527428805,0.4463328393965438,7.418066394467751
-0.06371532348326037,0.3248781358372288,-0.39635887372375134,-0.17756818343619252
-1.0,-0.06837649597383066,-0.08997954596510938,-4.000631408844658
0.5500675264393695,0.693943406726357,-0.9398783093368137,-0.8745928735568393
-0.9937339916223262,0.02967957888265582,-0.6240560155477533,-0.22495275588035915
0.4985741461669857,1.0,-1.0,7.344806473976295
0.7589315987123995,0.7318495125047122,-1.0,1.315390535811381
0.8619879076350172,1.0,0.27320299397083736,9.025345981217551
0.2073083196966723,-0.22012120658775713,0.9269763260479553,-0.26641104153402617
0.5417207566093736,-0.8986575494435942,-0.40400221891416543,0.28849298085859315
-0.3232013549621746,-0.01971199353518016,1.0,1.472720191228813
-1.0,-1.0,-0.36820397571723706,6.212389506427768
0.37206331357187894,-1.0,0.3195182032084023,0.43045503791333906
-0.6473287864107014,-1.0,0.8034298193288985,2.0388293888163895
-0.034797995855686104,-1.0,1.0,-6.786459607666295
0.22940764464985852,0.8718061841489384,-0.19126105201527643,3.2148234075567657
-1.0,0.7957602393913004,-0.9781977094596304,18.690862309559396
-0.7045095619076849,0.3390664338929099,0.6337553740041142,-2.02231958005823
1.0,0.46515731437104924,-1.0,11.383447359117394
0.6487597804619687,-0.9968775267462744,0.9071828307678076,-4.92218881245117
-0.5960675750228557,0.07106810461693702,-1.0,0.9158194383594058
-0.21038219894746102,-0.9878582681786645,-0.8875375408926731,-8.118517771963274
-1.0,-0.3146240241913185,-0.5304374684701716,-1.9422835954306326
1.0,1.0,0.6047348593414568,15.395973255803971
-1.0,-0.6836865140319357,0.31966018279633013,1.7081343898929404
0.1861885599166364,1.0,0.17386714207851295,6.883167471212526
-0.14006467581641013,0.088249525247861,-0.5264327774154107,0.5014514323557957
-1.0,1.0,-0.28783040788350234,10.66556412638794
-1.0,-0.008578519610641155,0.5127507027310125,-3.726695639420702
-0.4359326982186644,1.0,0.31614950655069585,5.989635343938996
1.0,1.0,-0.05963192929651773,14.796558890668717
-1.0,0.3521331920080568,-1.0,16.320932306246107
-1.0,-0.3490976514554256,0.5401382761362681,-0.28382121321049025
1.0,0.5413431861820008,0.8260062898516651,14.961083181169167
-0.16531367619735882,0.4271978723891079,-0.3129218925140069,-0.26937562720861585
-0.29774483450760547,-1.0,0.05213904291414062,3.4550467278729986
0.8243467021705058,-0.10398529746577556,-0.20869682575328552,2.216363010138066
-0.9936110804541873,0.9096142055454881,0.6388970214598437,-1.1474193364010081
-1.0,-0.18493449405596962,0.7420604859057867,-0.6743230949414729
0.11678330333982267,-1.0,-0.8345744710641547,-9.388099038957876
