deg,n_features,lam1,lam2,cv_rmse,cv_se,train_rmse,nonzero
1,3,20.0,0,6.163339977568938,0.2495644869258094,6.132967583422361,3
2,9,10.0,0,4.883825120350133,0.2161694783066919,4.818877021187423,9
3,19,5.0,0,3.6732839023407684,0.1452881727657563,3.532661700415669,19
4,34,0.0,0,2.0219399567283527,0.07009227377442738,1.892187359062229,34
5,55,0.1,0,1.2709440855484644,0.03969720640395544,1.1736797498054623,55
6,83,0.0,0,0.7829052249626679,0.016963402480647535,0.6860851973392657,83
7,119,0.0,0,0.5854983594114168,0.01247061872392713,0.49372825916105356,119
8,164,0.0,0,0.5325076611148939,0.010587975067796688,0.42728422772559943,164
9,219,0.0,0,0.5195308295538703,0.011465221001336547,0.4061738107035164,219
10,285,0.1,0,0.5251955759034762,0.02037910228354225,0.4146357537845112,250
11,363,0.3,0,0.5194873259451658,0.016456950177312128,0.4194538128756883,187
12,454,0.3,0,0.5291279624004546,0.02357607956063192,0.4154412240408161,226
13,559,0.6,0,0.5295529051808383,0.02281632679890984,0.42221006714322,186
14,679,0.6,0,0.5314135442526675,0.026152341149727653,0.41928882238887577,206
